{
	"ColumnWidths":
	{
		"AnimSystem": 1027.29541015625,
		"AnimationRef": 470.1732177734375
	}
}